games,mean_score,rate_2048,max_score,alpha,seconds
1000,7969,0.004,28112,0.1,5.8
2000,11753,0.031,37800,0.1,13.5
3000,13452,0.071,34748,0.1,22.1
4000,15337,0.123,36568,0.1,31.0
5000,16843,0.173,43840,0.1,40.9
6000,17971,0.215,56072,0.1,51.1
7000,19408,0.286,54912,0.1,71.3
8000,19853,0.286,59748,0.1,116.9
9000,21477,0.367,61076,0.1,157.1
10000,21946,0.367,77136,0.1,201.8
11000,22956,0.419,69368,0.1,255.2
12000,24116,0.441,70368,0.1,289.9
13000,25246,0.505,80048,0.1,304.0
14000,26411,0.538,81572,0.1,318.1
15000,27200,0.56,81476,0.1,332.8
16000,27070,0.545,81476,0.1,381.2
17000,29242,0.599,80644,0.1,445.7
18000,28960,0.605,78944,0.1,511.4
19000,30465,0.626,91016,0.1,575.2
20000,30513,0.629,81324,0.1,639.0
21000,31285,0.641,115536,0.1,711.3
22000,31988,0.655,83664,0.1,780.4
23000,32859,0.656,90144,0.1,850.7
24000,32881,0.687,80864,0.1,928.4
25000,34988,0.695,105384,0.1,997.9
26000,35469,0.708,123836,0.1,1081.4
27000,35952,0.724,109416,0.1,1160.8
28000,35851,0.728,113056,0.1,1242.4
29000,36343,0.718,114036,0.1,1315.0
30000,36590,0.717,108808,0.1,1392.3
31000,37588,0.744,112808,0.1,1473.5
32000,38464,0.76,125576,0.1,1557.7
33000,40116,0.784,132252,0.1,1647.3
34000,41057,0.784,118496,0.1,1733.6
35000,41453,0.791,122344,0.1,1820.2
36000,41686,0.776,131480,0.1,1913.1
37000,43492,0.806,136568,0.1,2007.9
38000,42452,0.805,131768,0.1,2101.2
39000,43184,0.822,129552,0.1,2199.6
40000,43577,0.802,140500,0.1,2295.4
41000,43755,0.81,135932,0.1,2393.6
42000,44840,0.819,160704,0.1,2491.1
43000,45273,0.82,150880,0.1,2588.3
44000,45393,0.83,145836,0.1,2684.8
45000,45008,0.813,146440,0.1,2779.0
46000,47526,0.841,135264,0.1,2877.9
47000,46969,0.828,155736,0.1,2975.7
48000,47810,0.851,151848,0.1,3073.6
49000,47826,0.842,140352,0.1,3171.4
50000,49303,0.851,157212,0.1,3274.8
51000,48217,0.841,154340,0.1,3376.2
52000,48099,0.822,156192,0.1,3481.1
53000,49777,0.858,146520,0.1,3591.0
54000,50716,0.851,150400,0.1,3703.5
55000,51912,0.877,169612,0.1,3826.1
56000,50950,0.875,161224,0.1,3928.3
57000,50944,0.859,148696,0.1,4034.4
58000,52637,0.873,158144,0.1,4143.2
59000,51116,0.841,146192,0.1,4252.0
60000,52488,0.853,140180,0.1,4346.2
61000,54660,0.884,157988,0.1,4459.3
62000,53459,0.856,161620,0.1,4568.8
63000,52752,0.854,177044,0.1,4676.1
64000,54785,0.866,162236,0.1,4786.2
65000,54825,0.884,146132,0.1,4896.7
66000,55518,0.874,160336,0.1,5007.9
67000,55848,0.878,157088,0.1,5103.8
68000,56117,0.88,146388,0.1,5207.6
69000,55334,0.869,147528,0.1,5320.4
70000,57049,0.888,168204,0.1,5433.1
71000,57604,0.882,172380,0.1,5548.2
72000,57009,0.872,168744,0.1,5661.9
73000,57190,0.874,168952,0.1,5772.9
74000,59035,0.878,170948,0.1,6449.4
75000,57899,0.886,167884,0.1,6481.0
76000,58799,0.902,171912,0.1,6507.7
77000,58303,0.884,178292,0.1,6533.5
78000,59637,0.883,157132,0.1,6611.4
79000,60026,0.896,173324,0.1,15620.2
80000,60860,0.913,149360,0.1,15663.6
81000,61225,0.89,169856,0.1,15698.9
82000,60915,0.899,158688,0.1,15945.5
83000,62175,0.887,173936,0.1,15998.4
84000,61055,0.885,168396,0.1,16084.9
85000,61922,0.887,172012,0.1,16149.7
86000,61070,0.891,188564,0.1,16177.7
87000,61959,0.882,169888,0.1,16206.2
88000,65254,0.913,173360,0.1,16239.4
89000,60667,0.896,169628,0.1,16318.3
90000,63776,0.891,173316,0.1,16420.5
91000,61963,0.896,171652,0.1,16503.1
92000,65128,0.908,170616,0.1,16599.7
93000,64319,0.896,177140,0.1,16689.6
94000,65723,0.909,230112,0.1,16735.3
95000,62860,0.901,168884,0.1,16764.4
96000,64638,0.899,176856,0.1,16795.0
97000,64191,0.891,174888,0.1,16825.3
98000,63850,0.901,186100,0.1,16856.9
99000,67900,0.905,179072,0.1,16891.0
100000,64966,0.895,168260,0.1,16924.6
101000,67002,0.903,171692,0.1,16959.4
102000,68108,0.909,169912,0.1,16994.3
103000,67781,0.909,173220,0.1,17029.2
104000,67836,0.912,172988,0.1,17071.8
105000,66661,0.912,171548,0.1,17173.8
106000,68377,0.905,166968,0.1,17274.1
107000,69890,0.905,177116,0.1,17377.9
108000,67535,0.905,172828,0.1,17477.0
109000,71463,0.912,175532,0.1,17579.6
110000,70691,0.926,174276,0.1,17679.3
111000,68328,0.901,234076,0.1,31057.2
112000,69620,0.901,176832,0.1,31104.8
113000,69268,0.904,176248,0.1,31212.7
114000,70997,0.913,170296,0.1,31305.9
115000,71191,0.917,178444,0.1,31470.6
116000,71786,0.913,175812,0.1,31614.9
117000,72894,0.917,177552,0.1,31763.0
118000,72606,0.925,229556,0.1,31909.2
119000,71919,0.905,173080,0.1,32055.0
120000,72434,0.904,178860,0.1,32202.9
121000,72359,0.893,177024,0.1,32349.3
122000,72248,0.897,178992,0.1,32495.5
123000,73236,0.906,177536,0.1,32654.4
124000,74719,0.922,180720,0.1,32805.3
125000,73460,0.913,195244,0.1,32954.4
126000,72736,0.9,215744,0.1,33016.9
127000,76669,0.916,222192,0.1,33062.9
128000,76224,0.934,227572,0.1,33110.5
129000,75196,0.927,193172,0.1,33156.8
130000,76501,0.928,177184,0.1,33203.5
131000,76047,0.914,193816,0.1,33248.4
132000,77859,0.927,192412,0.1,33295.9
133000,77496,0.907,178724,0.1,33341.1
134000,73523,0.902,174316,0.1,33399.1
135000,77238,0.909,196120,0.1,33450.7
136000,77610,0.907,184436,0.1,33499.3
137000,78840,0.927,238112,0.1,33548.7
138000,74911,0.903,177280,0.1,33595.3
139000,77979,0.929,177280,0.1,33641.4
140000,78061,0.918,175104,0.1,33694.8
141000,78103,0.927,181304,0.1,33749.8
142000,78004,0.913,177268,0.1,33803.5
143000,80282,0.895,224212,0.1,33864.8
144000,79379,0.922,180424,0.1,33915.1
145000,82306,0.929,251780,0.1,33965.4
146000,81002,0.915,183388,0.1,34020.3
147000,81650,0.926,260996,0.1,34081.7
148000,82344,0.932,177248,0.1,34146.2
149000,80714,0.907,188812,0.1,34208.0
150000,82355,0.927,177752,0.1,34265.9
151000,84303,0.938,214920,0.1,34315.0
152000,82919,0.92,264084,0.1,34365.4
153000,82958,0.912,201296,0.1,34412.4
154000,83567,0.922,231788,0.1,34462.0
155000,85507,0.929,224044,0.1,34512.8
156000,83504,0.924,229372,0.1,34560.2
157000,84540,0.918,241912,0.1,34611.3
158000,84647,0.911,180220,0.1,34659.7
159000,83371,0.908,180492,0.1,34709.5
160000,87335,0.926,227232,0.1,34763.5
161000,86038,0.94,186832,0.1,34813.7
162000,84359,0.917,232664,0.1,34865.8
163000,87072,0.931,217388,0.1,34917.8
164000,83682,0.927,195440,0.1,34963.7
165000,84566,0.911,228540,0.1,35023.4
166000,87235,0.927,214216,0.1,35083.3
167000,86436,0.922,193856,0.1,35138.9
168000,85928,0.927,198192,0.1,35192.7
169000,85917,0.92,270412,0.1,35245.4
170000,85489,0.919,189296,0.1,35296.3
171000,87461,0.934,212616,0.1,35351.3
172000,86628,0.926,279948,0.1,35404.6
173000,86931,0.918,244832,0.1,35457.9
174000,88063,0.925,227472,0.1,35510.4
175000,88678,0.931,193040,0.1,35562.0
176000,87725,0.924,180488,0.1,35616.2
177000,87880,0.924,269268,0.1,35665.8
178000,86396,0.92,200904,0.1,35715.9
179000,89415,0.929,228820,0.1,35767.2
180000,87576,0.94,201652,0.1,35819.7
181000,88677,0.931,233916,0.1,35871.6
182000,90150,0.931,266556,0.1,35922.3
183000,89482,0.923,193520,0.1,35973.8
184000,92696,0.939,229216,0.1,36026.4
185000,89436,0.925,193872,0.1,36080.5
186000,89870,0.936,246640,0.1,36141.2
187000,89820,0.931,217428,0.1,36195.1
188000,88203,0.925,202244,0.1,36247.4
189000,89532,0.921,239252,0.1,36299.5
190000,90466,0.932,268192,0.1,36351.3
191000,89388,0.912,248472,0.1,36401.9
192000,89811,0.93,246220,0.1,36451.8
193000,90147,0.922,234704,0.1,36502.3
194000,89552,0.919,221796,0.1,36554.3
195000,92514,0.939,285740,0.1,36606.6
196000,91252,0.933,193232,0.1,36659.5
197000,90639,0.928,225452,0.1,36714.8
198000,93345,0.936,246080,0.1,36767.9
199000,93262,0.936,289924,0.1,36821.6
200000,91429,0.921,229080,0.1,36868.4
201000,93379,0.939,256128,0.1,36915.7
202000,91280,0.939,200540,0.1,36961.0
203000,92551,0.932,261692,0.1,37013.3
204000,91980,0.936,231988,0.1,37074.4
205000,93600,0.937,246804,0.1,37144.1
206000,92525,0.932,246152,0.1,37213.7
207000,94539,0.936,194892,0.1,37283.8
208000,92946,0.929,261292,0.1,37352.8
209000,93707,0.931,196792,0.1,37418.8
210000,89575,0.92,269604,0.1,37484.7
211000,93804,0.932,239064,0.1,37556.4
212000,94987,0.921,282720,0.1,37631.1
213000,94889,0.922,265188,0.1,37707.8
214000,93817,0.937,242316,0.1,37783.7
215000,97529,0.942,236156,0.1,37857.1
216000,93006,0.929,226828,0.1,37924.8
217000,95039,0.939,245816,0.1,37994.6
218000,96800,0.945,269264,0.1,38062.2
219000,92323,0.934,271920,0.1,38124.8
220000,94524,0.947,242080,0.1,38189.8
221000,93773,0.935,275176,0.1,38258.6
222000,95999,0.933,243060,0.1,38328.1
223000,97451,0.942,239696,0.1,38397.0
224000,97017,0.941,244268,0.1,38465.8
225000,94792,0.934,209208,0.1,38533.7
226000,94687,0.937,242080,0.1,38602.4
227000,96417,0.946,290572,0.1,38673.1
228000,94217,0.939,266496,0.1,38743.1
229000,97396,0.94,245280,0.1,38816.6
230000,94525,0.929,232816,0.1,38886.6
231000,95648,0.941,246112,0.1,38957.2
232000,96583,0.944,270220,0.1,39028.7
233000,95309,0.945,230940,0.1,39100.3
234000,96800,0.955,242592,0.1,39171.9
235000,96694,0.95,259888,0.1,39244.6
236000,94985,0.943,246692,0.1,39316.4
237000,97817,0.959,258992,0.1,39390.7
238000,95971,0.932,247036,0.1,39461.7
239000,94928,0.917,225644,0.1,39533.2
240000,98049,0.938,239428,0.1,39601.5
241000,97201,0.934,233228,0.1,39657.9
242000,97876,0.952,239008,0.1,39714.8
243000,95613,0.943,237660,0.1,39769.5
244000,97193,0.933,243176,0.1,39822.1
245000,99395,0.947,258644,0.1,39877.5
246000,99139,0.935,242956,0.1,39934.6
247000,99599,0.944,230048,0.1,39991.3
248000,100396,0.94,246980,0.1,40045.9
249000,93914,0.924,254212,0.1,40098.0
250000,97593,0.939,244852,0.1,40152.9
251000,98402,0.944,261760,0.1,40209.1
252000,99331,0.935,230156,0.1,40264.2
253000,96641,0.95,270544,0.1,40317.8
254000,100002,0.945,266536,0.1,40373.3
255000,97792,0.922,247796,0.1,40429.3
256000,98199,0.947,236576,0.1,40484.8
257000,99123,0.93,224860,0.1,40539.8
258000,100657,0.943,286608,0.1,40597.8
259000,100448,0.945,199572,0.1,40656.3
260000,99457,0.939,287012,0.1,40713.2
261000,97417,0.939,270664,0.1,40767.4
262000,99928,0.948,240772,0.1,40823.5
263000,98130,0.933,247928,0.1,40880.0
264000,101469,0.943,270316,0.1,40938.3
265000,102937,0.953,245920,0.1,40995.6
266000,103037,0.931,272236,0.1,41052.2
267000,99497,0.927,289776,0.1,41109.7
268000,99717,0.948,261884,0.1,41167.2
269000,102933,0.939,284128,0.1,41223.5
270000,101260,0.945,248572,0.1,41279.9
271000,100127,0.943,259476,0.1,41338.1
272000,95846,0.933,280612,0.1,41394.2
273000,100620,0.94,284812,0.1,41452.1
274000,100844,0.934,286240,0.1,41508.8
275000,98699,0.932,237888,0.1,41564.8
276000,101796,0.951,290656,0.1,41623.1
277000,102470,0.944,239724,0.1,41681.1
278000,100180,0.94,289740,0.1,41735.3
279000,99353,0.946,235056,0.1,41790.1
280000,103932,0.942,286664,0.1,41849.0
281000,100066,0.94,232516,0.1,41906.4
282000,100575,0.936,251360,0.1,41961.6
283000,101019,0.94,250912,0.1,42016.7
284000,99930,0.945,240592,0.1,42073.4
285000,103677,0.942,220404,0.1,42131.5
286000,101659,0.941,262172,0.1,42187.6
287000,105736,0.945,269084,0.1,42245.5
288000,102546,0.933,268548,0.1,42303.0
289000,101717,0.933,267184,0.1,42362.1
290000,102417,0.946,290380,0.1,42419.9
291000,99786,0.937,233124,0.1,42474.7
292000,101126,0.932,284620,0.1,42530.4
293000,101623,0.934,286044,0.1,42588.9
294000,103986,0.948,262528,0.1,42648.2
295000,101025,0.954,242808,0.1,42703.4
296000,103895,0.943,195596,0.1,42760.0
297000,101872,0.949,257368,0.1,42817.8
298000,103415,0.949,264128,0.1,42876.1
299000,103663,0.95,271592,0.1,42931.7
300000,99529,0.94,247944,0.1,42986.5
301000,102116,0.949,237904,0.1,43043.8
302000,102299,0.943,269732,0.1,43102.6
303000,104587,0.946,261928,0.1,43159.1
304000,101636,0.939,272664,0.1,43215.0
305000,102947,0.935,275480,0.1,43272.3
306000,105010,0.942,238836,0.1,43331.7
307000,103826,0.931,267056,0.1,43388.4
308000,105664,0.944,237880,0.1,43445.7
309000,105767,0.955,268992,0.1,43504.4
310000,101243,0.949,247512,0.1,43562.6
311000,102237,0.931,247948,0.1,43619.5
312000,105278,0.95,292004,0.1,43676.8
313000,104303,0.942,262080,0.1,43735.7
314000,102755,0.948,282160,0.1,43794.8
315000,104402,0.961,265536,0.1,43853.1
316000,101877,0.94,266784,0.1,43908.5
317000,105715,0.948,248356,0.1,43966.9
318000,106033,0.946,259160,0.1,44027.7
319000,102817,0.936,196272,0.1,44085.3
320000,103387,0.94,237996,0.1,44141.4
321000,104439,0.947,274036,0.1,44199.3
322000,104808,0.953,277044,0.1,44264.0
323000,105171,0.949,241816,0.1,44321.7
324000,103070,0.947,249652,0.1,44372.2
325000,103562,0.941,279776,0.1,44431.2
326000,102489,0.943,258584,0.1,44490.4
327000,103959,0.942,293488,0.1,44551.8
328000,107001,0.939,276204,0.1,44610.0
329000,104668,0.946,295392,0.1,44653.2
330000,104325,0.94,256356,0.1,44709.4
331000,103449,0.949,288580,0.1,44755.0
332000,107228,0.954,279640,0.1,44800.5
333000,106409,0.947,260636,0.1,44858.0
334000,105758,0.944,249364,0.1,44913.7
335000,104621,0.943,281516,0.1,44971.3
336000,107668,0.953,270076,0.1,45029.1
337000,104385,0.944,261288,0.1,45083.4
338000,108749,0.962,281748,0.1,45140.7
339000,105453,0.953,235596,0.1,45197.5
340000,104075,0.941,262816,0.1,45253.3
341000,105969,0.942,281576,0.1,45309.3
342000,105637,0.934,270952,0.1,45363.8
343000,106630,0.944,316324,0.1,45420.6
344000,104165,0.938,279612,0.1,45478.0
345000,105225,0.938,305940,0.1,45533.5
346000,107338,0.948,256224,0.1,45589.3
347000,107469,0.953,281528,0.1,45646.5
348000,105512,0.936,271324,0.1,45703.2
349000,104229,0.931,281636,0.1,45758.7
350000,105345,0.96,262760,0.1,45813.8
351000,107632,0.959,269012,0.1,45870.4
352000,105239,0.954,247568,0.1,45925.6
353000,109391,0.954,263084,0.1,45983.3
354000,107595,0.951,281328,0.1,46040.4
355000,108696,0.959,273676,0.1,46097.6
356000,106759,0.948,270752,0.1,46154.1
357000,108593,0.957,261692,0.1,46212.7
358000,108501,0.959,268748,0.1,46269.3
359000,109231,0.946,260996,0.1,46327.7
360000,105243,0.935,267180,0.1,46384.4
361000,106235,0.936,281256,0.1,46443.9
362000,105350,0.947,301200,0.1,46502.5
363000,106149,0.938,277028,0.1,46557.1
364000,106882,0.939,249324,0.1,46619.5
365000,106564,0.941,255968,0.1,46678.5
366000,107062,0.945,240576,0.1,46737.8
367000,107672,0.947,231960,0.1,46796.8
368000,110066,0.947,266836,0.1,46846.1
369000,107507,0.945,278360,0.1,46909.7
370000,107914,0.949,270448,0.1,46964.8
371000,107010,0.951,267216,0.1,47025.1
372000,108596,0.952,277052,0.1,47089.2
373000,106076,0.943,289256,0.1,47147.9
374000,105878,0.949,268620,0.1,47212.0
375000,106023,0.948,281344,0.1,47272.7
376000,104476,0.945,252584,0.1,47330.6
377000,107507,0.949,262464,0.1,47390.4
378000,109481,0.947,261328,0.1,47452.4
379000,108752,0.932,276176,0.1,47511.8
380000,106055,0.948,229304,0.1,47574.5
381000,110723,0.964,288376,0.1,47637.4
382000,107744,0.947,217624,0.1,47699.7
383000,109388,0.952,260248,0.1,47761.7
384000,107616,0.945,280796,0.1,47824.9
385000,107906,0.944,289736,0.1,47888.3
386000,110655,0.96,268700,0.1,47950.7
387000,108830,0.933,237368,0.1,48011.5
388000,110283,0.967,282176,0.1,48075.4
389000,108548,0.952,246276,0.1,48138.2
390000,110348,0.956,269740,0.1,48200.1
391000,107010,0.945,243912,0.1,48259.9
392000,107651,0.941,282024,0.1,48318.2
393000,110853,0.953,277288,0.1,48377.5
394000,108704,0.947,267776,0.1,48434.8
395000,107591,0.942,286568,0.1,48495.4
396000,109749,0.951,281492,0.1,48561.5
397000,109904,0.955,263380,0.1,48627.1
398000,107993,0.951,284344,0.1,48694.6
399000,106774,0.939,290376,0.1,48760.7
400000,107740,0.935,289556,0.1,48807.5
401000,107387,0.953,286344,0.1,48851.9
402000,109810,0.951,246084,0.1,48896.1
403000,111375,0.954,271604,0.1,48941.4
404000,105829,0.951,265764,0.1,48984.7
405000,108511,0.945,261288,0.1,49030.4
406000,110364,0.951,269312,0.1,49076.5
407000,112821,0.96,256956,0.1,49123.0
408000,109590,0.929,268380,0.1,49167.5
409000,108161,0.951,247296,0.1,49210.5
410000,108326,0.95,282568,0.1,49253.6
411000,108936,0.953,275596,0.1,49296.9
412000,110068,0.952,286520,0.1,49340.2
413000,109400,0.948,246220,0.1,49383.9
414000,109465,0.948,246288,0.1,49427.2
415000,109754,0.942,279440,0.1,49471.1
416000,110024,0.951,245892,0.1,49515.2
417000,109534,0.954,268896,0.1,49558.3
418000,112369,0.949,279680,0.1,49603.5
419000,111691,0.948,238920,0.1,49648.0
420000,112502,0.954,263984,0.1,49692.3
421000,109297,0.948,263900,0.1,49736.6
422000,109603,0.947,281520,0.1,49779.6
423000,112459,0.953,281520,0.1,49823.4
424000,110246,0.95,286444,0.1,49866.4
425000,108954,0.946,285572,0.1,49909.6
426000,110753,0.954,266536,0.1,49953.1
427000,110481,0.948,246156,0.1,49995.8
428000,111045,0.947,256300,0.1,50038.9
429000,113119,0.953,281484,0.1,50083.1
430000,109491,0.956,237028,0.1,50126.8
431000,111300,0.955,263796,0.1,50171.2
432000,109681,0.931,292028,0.1,50214.5
433000,110090,0.956,279128,0.1,50257.9
434000,109342,0.941,264072,0.1,50300.8
435000,110823,0.948,265884,0.1,50344.7
436000,112990,0.955,279972,0.1,50389.3
437000,109829,0.95,244680,0.1,50433.1
438000,112688,0.964,288012,0.1,50477.7
439000,110642,0.957,290532,0.1,50521.3
440000,110592,0.948,273840,0.1,50564.5
441000,111490,0.955,277440,0.1,50608.7
442000,111933,0.961,266372,0.1,50652.6
443000,109988,0.95,285084,0.1,50696.6
444000,114849,0.966,263668,0.1,50741.3
445000,113320,0.956,247956,0.1,50785.6
446000,114555,0.962,290436,0.1,50830.2
447000,111195,0.952,287952,0.1,50874.4
448000,111486,0.952,279468,0.1,50919.2
449000,112850,0.958,283332,0.1,50963.7
450000,110711,0.939,270556,0.1,51007.1
451000,112222,0.949,284892,0.1,51051.5
452000,112992,0.944,287088,0.1,51095.7
453000,112515,0.957,269824,0.1,51140.1
454000,112375,0.952,277208,0.1,51184.1
455000,112763,0.954,255744,0.1,51228.4
456000,111275,0.946,246812,0.1,51272.2
457000,112679,0.954,270724,0.1,51316.4
458000,109343,0.936,289840,0.1,51359.1
459000,113443,0.948,226808,0.1,51403.6
460000,111713,0.957,283016,0.1,51447.5
461000,109564,0.949,288480,0.1,51490.5
462000,112052,0.947,283056,0.1,51534.9
463000,112056,0.944,277312,0.1,51579.0
464000,112207,0.953,265624,0.1,51623.5
465000,112734,0.95,269960,0.1,51667.6
466000,113386,0.961,281560,0.1,51711.8
467000,113465,0.958,275788,0.1,51756.7
468000,111957,0.942,291664,0.1,51801.0
469000,112214,0.954,275784,0.1,51845.5
470000,114241,0.967,308176,0.1,51891.0
471000,111681,0.946,288292,0.1,51935.1
472000,114034,0.964,279548,0.1,51979.4
473000,113782,0.961,281840,0.1,52024.5
474000,112605,0.952,267804,0.1,52068.8
475000,114322,0.96,269164,0.1,52114.2
476000,115741,0.951,280844,0.1,52159.9
477000,112830,0.95,256128,0.1,52204.0
478000,115320,0.963,282128,0.1,52249.1
479000,115036,0.964,261260,0.1,52294.6
480000,111250,0.951,271988,0.1,52338.8
481000,116020,0.966,248524,0.1,52385.6
482000,115155,0.949,286644,0.1,52430.2
483000,113572,0.961,281108,0.1,52474.6
484000,115029,0.95,270268,0.1,52520.2
485000,111832,0.953,291856,0.1,52564.1
486000,112619,0.941,280772,0.1,52608.7
487000,113961,0.954,237656,0.1,52653.3
488000,116300,0.952,290568,0.1,52698.8
489000,117155,0.964,253612,0.1,52744.9
490000,112137,0.951,284828,0.1,52789.1
491000,115440,0.962,267524,0.1,52835.5
492000,112862,0.956,265848,0.1,52880.6
493000,112871,0.951,264380,0.1,52924.7
494000,112717,0.949,245616,0.1,52968.9
495000,114790,0.96,243060,0.1,53014.7
496000,113996,0.953,290080,0.1,53059.6
497000,113931,0.945,261564,0.1,53104.1
498000,115667,0.96,270564,0.1,53148.9
499000,112321,0.947,245836,0.1,53192.7
500000,115151,0.965,288576,0.1,53238.2
501000,114803,0.96,228660,0.1,53283.6
502000,114524,0.955,264252,0.1,53329.4
503000,114545,0.96,269700,0.1,53374.0
504000,114527,0.955,269684,0.1,53418.5
505000,113536,0.958,270368,0.1,53463.6
506000,113872,0.952,274308,0.1,53507.7
507000,112343,0.946,271284,0.1,53552.0
508000,114315,0.961,285568,0.1,53597.2
509000,118893,0.965,308924,0.1,53643.8
510000,116856,0.967,286196,0.1,53690.2
511000,113956,0.944,264752,0.1,53735.9
512000,115419,0.959,253452,0.1,53781.3
513000,118382,0.962,270012,0.1,53827.6
514000,112747,0.95,270404,0.1,53871.3
515000,112977,0.959,277528,0.1,53915.5
516000,117832,0.961,262992,0.1,53961.9
517000,114974,0.96,279548,0.1,54007.7
518000,115070,0.962,288464,0.1,54053.2
519000,117179,0.966,317980,0.1,54099.1
520000,113413,0.957,278436,0.1,54144.0
521000,115057,0.957,286824,0.1,54190.5
522000,114908,0.946,338788,0.1,54236.3
523000,116679,0.953,288000,0.1,54283.0
524000,116556,0.957,287968,0.1,54329.4
525000,116601,0.954,260784,0.1,54376.1
526000,116723,0.962,267348,0.1,54422.2
527000,116114,0.967,288828,0.1,54468.4
528000,114970,0.954,265088,0.1,54513.8
529000,114987,0.953,258064,0.1,54559.3
530000,113253,0.953,288296,0.1,54603.6
531000,118674,0.959,286540,0.1,54650.9
532000,116803,0.959,278304,0.1,54697.1
533000,114654,0.959,280472,0.1,54742.3
534000,112797,0.948,253340,0.1,54786.6
535000,114691,0.955,263564,0.1,54831.5
536000,115305,0.953,266792,0.1,54877.0
537000,119606,0.963,286624,0.1,54923.9
538000,117217,0.971,284620,0.1,54969.7
539000,116455,0.954,286472,0.1,55015.5
540000,114106,0.952,308976,0.1,55060.0
541000,115632,0.951,292144,0.1,55105.4
542000,115656,0.957,258180,0.1,55151.1
543000,119591,0.96,285632,0.1,55198.1
544000,115202,0.949,269260,0.1,55243.8
545000,114878,0.962,288540,0.1,55289.3
546000,115935,0.958,290724,0.1,55334.8
547000,117418,0.953,271356,0.1,55381.2
548000,114035,0.951,289060,0.1,55426.1
549000,117980,0.962,268412,0.1,55472.3
550000,116589,0.959,286440,0.1,55517.7
551000,116690,0.959,282560,0.1,55564.3
552000,114224,0.947,238296,0.1,55609.0
553000,114142,0.95,267128,0.1,55654.3
554000,117143,0.953,286380,0.1,55700.4
555000,111979,0.952,258712,0.1,55744.6
556000,115790,0.944,266300,0.1,55789.9
557000,119193,0.969,265916,0.1,55836.9
558000,116378,0.958,279364,0.1,55882.7
559000,113702,0.965,260300,0.1,55927.2
560000,115221,0.951,288632,0.1,55973.2
561000,115416,0.967,264696,0.1,56018.9
562000,118340,0.964,269376,0.1,56065.8
563000,117668,0.954,281212,0.1,56113.4
564000,119296,0.955,262164,0.1,56160.9
565000,117526,0.969,289088,0.1,56208.3
566000,122133,0.962,336672,0.1,56256.3
567000,116855,0.962,285120,0.1,56302.4
568000,115395,0.954,264864,0.1,56348.5
569000,115506,0.952,281472,0.1,56394.9
570000,119208,0.958,281168,0.1,56442.9
571000,117120,0.963,248364,0.1,56490.0
572000,119088,0.971,245836,0.1,56537.2
573000,114469,0.958,263836,0.1,56582.4
574000,117980,0.96,274000,0.1,56629.5
575000,116981,0.955,281008,0.1,56676.0
576000,117489,0.961,281516,0.1,56723.0
577000,119814,0.957,290524,0.1,56770.0
578000,117640,0.971,286080,0.1,56816.6
579000,118964,0.955,246320,0.1,56863.6
580000,115614,0.958,276024,0.1,56910.1
581000,116406,0.958,271908,0.1,56956.7
582000,117394,0.965,290064,0.1,57002.4
583000,119135,0.965,278996,0.1,57049.2
584000,118692,0.953,283220,0.1,57096.0
585000,118798,0.963,288596,0.1,57143.1
586000,116546,0.949,282828,0.1,57188.6
587000,119192,0.963,291232,0.1,57235.5
588000,118897,0.961,323764,0.1,57282.7
589000,119768,0.964,286212,0.1,57329.8
590000,117950,0.959,297748,0.1,57376.0
591000,115658,0.947,280036,0.1,57422.5
592000,116912,0.954,284680,0.1,57468.5
593000,118945,0.963,287412,0.1,57514.7
594000,118447,0.965,245820,0.1,57561.5
595000,117636,0.959,288132,0.1,57607.8
596000,119278,0.965,324508,0.1,57654.8
597000,116302,0.952,290268,0.1,57700.3
598000,117874,0.963,287236,0.1,57747.1
599000,118581,0.968,235724,0.1,57793.9
600000,120079,0.967,270048,0.1,57841.3
601000,118664,0.97,281176,0.1,57889.2
602000,118425,0.964,258892,0.1,57935.5
603000,119648,0.95,289688,0.1,57982.6
604000,118260,0.967,262756,0.1,58030.3
605000,117474,0.954,267736,0.1,58076.7
606000,118665,0.955,287776,0.1,58123.7
607000,118147,0.955,277188,0.1,58169.9
608000,120016,0.972,281596,0.1,58216.9
609000,117811,0.961,281316,0.1,58263.1
610000,120092,0.972,278768,0.1,58310.5
611000,118256,0.954,291972,0.1,58357.8
612000,114260,0.946,276736,0.1,58402.7
613000,119217,0.956,288072,0.1,58449.4
614000,119056,0.964,270892,0.1,58496.1
615000,117061,0.954,263468,0.1,58542.1
616000,120203,0.971,270996,0.1,58589.6
617000,117888,0.956,279184,0.1,58636.4
618000,121869,0.964,289676,0.1,58684.1
619000,118350,0.954,291536,0.1,58730.2
620000,121159,0.967,285500,0.1,58778.0
621000,119644,0.953,286800,0.1,58826.0
622000,116066,0.952,288016,0.1,58872.3
623000,119708,0.959,283176,0.1,58918.8
624000,120874,0.963,246036,0.1,58966.3
625000,116091,0.953,260684,0.1,59013.1
626000,121225,0.961,270376,0.1,59061.3
627000,118228,0.956,290836,0.1,59108.5
628000,118441,0.962,289764,0.1,59155.6
629000,118821,0.96,286468,0.1,59201.9
630000,121680,0.962,274196,0.1,59250.0
631000,122864,0.958,265024,0.1,59298.9
632000,118161,0.955,289716,0.1,59345.4
633000,121912,0.958,265148,0.1,59392.8
634000,120487,0.968,288020,0.1,59439.8
635000,119669,0.96,270100,0.1,59487.6
636000,118094,0.954,291952,0.1,59534.3
637000,122732,0.973,286752,0.1,59582.2
638000,119678,0.961,281988,0.1,59628.6
639000,119715,0.962,288456,0.1,59675.3
640000,119940,0.971,285868,0.1,59722.5
641000,119791,0.961,304096,0.1,59770.5
642000,118739,0.962,287200,0.1,59817.4
643000,119460,0.959,273612,0.1,59864.3
644000,120936,0.963,290028,0.1,59911.7
645000,119147,0.943,284008,0.1,59959.0
646000,120120,0.949,280764,0.1,60006.0
647000,119247,0.957,286828,0.1,60053.8
648000,120859,0.963,275792,0.1,60101.3
649000,119582,0.956,284576,0.1,60149.3
650000,119407,0.963,281492,0.1,60197.2
651000,117729,0.958,339076,0.1,60244.6
652000,117700,0.963,263852,0.1,60292.0
653000,119070,0.964,245392,0.1,60339.2
654000,117996,0.955,270520,0.1,60385.1
655000,119602,0.956,288700,0.1,60432.5
656000,120247,0.96,282264,0.1,60479.5
657000,120079,0.949,308836,0.1,60527.4
658000,117716,0.949,280376,0.1,60573.5
659000,122396,0.972,241532,0.1,60621.8
660000,118249,0.958,291764,0.1,60669.4
661000,121028,0.951,290784,0.1,60717.8
662000,118739,0.971,286820,0.1,60765.3
663000,119957,0.952,286376,0.1,60813.0
664000,121030,0.963,281088,0.1,60860.4
665000,121162,0.963,289732,0.1,60908.0
666000,119686,0.962,280896,0.1,60955.6
667000,120992,0.963,288480,0.1,61003.6
668000,119060,0.964,280820,0.1,61050.1
669000,121358,0.968,310492,0.1,61097.7
670000,123907,0.968,290268,0.1,61146.0
671000,120954,0.963,281692,0.1,61194.6
672000,121393,0.961,286708,0.1,61243.5
673000,120936,0.958,245248,0.1,61291.6
674000,119602,0.953,284672,0.1,61339.0
675000,119753,0.965,270276,0.1,61386.9
676000,120677,0.948,310904,0.1,61434.6
677000,118903,0.956,283876,0.1,61481.9
678000,119705,0.956,257124,0.1,61529.0
679000,123039,0.975,289340,0.1,61576.7
680000,123330,0.959,287520,0.1,61625.3
681000,121353,0.948,285248,0.1,61673.3
682000,122645,0.965,246996,0.1,61722.2
683000,119447,0.961,286256,0.1,61768.4
684000,119360,0.951,280072,0.1,61814.9
685000,120353,0.964,287240,0.1,61862.4
686000,117396,0.955,286952,0.1,61908.6
687000,121565,0.963,266272,0.1,61957.6
688000,119938,0.957,267816,0.1,62005.2
689000,119989,0.945,281532,0.1,62052.7
690000,121438,0.959,269076,0.1,62100.0
691000,120426,0.963,283764,0.1,62148.0
692000,121758,0.959,286000,0.1,62196.0
693000,119572,0.958,308468,0.1,62242.7
694000,119516,0.956,288016,0.1,62289.3
695000,120822,0.964,265912,0.1,62337.0
696000,120854,0.956,286288,0.1,62384.3
697000,122951,0.969,284688,0.1,62432.9
698000,120046,0.961,252728,0.1,62480.2
699000,122237,0.957,262948,0.1,62527.5
700000,120979,0.957,287984,0.1,62575.7
701000,122009,0.952,285256,0.1,62623.9
702000,119966,0.966,285808,0.1,62671.6
703000,119889,0.961,282096,0.1,62719.2
704000,122485,0.959,288844,0.1,62766.2
705000,122814,0.967,281240,0.1,62814.0
706000,123966,0.967,277280,0.1,62863.3
707000,121308,0.961,279716,0.1,62911.6
708000,119044,0.966,312944,0.1,62959.2
709000,122500,0.969,281408,0.1,63007.2
710000,122933,0.967,264344,0.1,63055.7
711000,122882,0.964,257932,0.1,63104.8
712000,122686,0.963,290388,0.1,63153.4
713000,124169,0.963,287920,0.1,63202.4
714000,118150,0.952,286472,0.1,63248.5
715000,121219,0.965,281676,0.1,63295.5
716000,121496,0.961,305600,0.1,63343.1
717000,121756,0.961,281972,0.1,63390.6
718000,122618,0.967,290752,0.1,63438.1
719000,120081,0.955,288880,0.1,63484.5
720000,120631,0.954,300344,0.1,63531.3
721000,121880,0.96,290532,0.1,63579.2
722000,122096,0.974,288340,0.1,63627.4
723000,120634,0.966,302136,0.1,63675.2
724000,121369,0.958,286632,0.1,63722.9
725000,122711,0.953,277148,0.1,63770.3
726000,121969,0.958,277928,0.1,63818.6
727000,120611,0.964,308388,0.1,63866.0
728000,122663,0.963,290216,0.1,63914.4
729000,121696,0.959,290112,0.1,63962.0
730000,123090,0.966,289792,0.1,64009.5
731000,121189,0.964,286388,0.1,64058.3
732000,120394,0.965,254016,0.1,64105.6
733000,120348,0.955,281364,0.1,64152.7
734000,122534,0.965,309772,0.1,64199.7
735000,121792,0.957,290336,0.1,64247.4
736000,120018,0.948,285860,0.1,64294.2
737000,120754,0.964,280176,0.1,64341.9
738000,123672,0.962,281648,0.1,64390.6
739000,121142,0.961,281068,0.1,64437.8
740000,122287,0.95,289540,0.1,64485.1
741000,120340,0.955,271588,0.1,64532.5
742000,121922,0.962,288372,0.1,64581.0
743000,121002,0.954,281268,0.1,64630.1
744000,123491,0.958,292028,0.1,64677.5
745000,121586,0.973,278864,0.1,64725.0
746000,121004,0.957,286488,0.1,64772.6
747000,121441,0.959,289640,0.1,64820.8
748000,123082,0.951,285828,0.1,64869.1
749000,122362,0.96,261364,0.1,64916.8
750000,122656,0.964,313776,0.1,64966.3
751000,122619,0.957,284564,0.1,65016.2
752000,124220,0.967,291852,0.1,65065.9
753000,119708,0.946,290480,0.1,65113.2
754000,122765,0.965,287024,0.1,65161.0
755000,122800,0.956,319768,0.1,65209.5
756000,122017,0.958,283568,0.1,65257.5
757000,122893,0.965,290308,0.1,65305.7
758000,120756,0.967,276144,0.1,65353.4
759000,124212,0.966,270384,0.1,65401.7
760000,121543,0.961,290368,0.1,65449.5
761000,123621,0.966,284220,0.1,65498.5
762000,121625,0.961,271212,0.1,65546.7
763000,122869,0.96,266060,0.1,65595.0
764000,121472,0.955,305204,0.1,65642.5
765000,123331,0.967,269592,0.1,65690.5
766000,124680,0.971,280028,0.1,65739.7
767000,123518,0.961,302976,0.1,65788.8
768000,122042,0.961,288796,0.1,65837.2
769000,119998,0.951,276384,0.1,65884.5
770000,123022,0.956,276692,0.1,65933.4
771000,122687,0.955,289960,0.1,65982.6
772000,123578,0.957,281164,0.1,66032.0
773000,122921,0.962,291044,0.1,66080.4
774000,122350,0.972,276900,0.1,66128.1
775000,124169,0.971,291924,0.1,66176.6
776000,126169,0.958,288952,0.1,66226.1
777000,121687,0.968,290196,0.1,66274.4
778000,124238,0.97,287336,0.1,66323.1
779000,122540,0.95,290460,0.1,66370.9
780000,121069,0.953,289768,0.1,66418.9
781000,121099,0.963,288280,0.1,66467.0
782000,122175,0.968,265804,0.1,66515.8
783000,121300,0.973,289656,0.1,66564.1
784000,124013,0.969,282456,0.1,66613.5
785000,125299,0.966,292480,0.1,66663.6
786000,123328,0.971,289744,0.1,66712.9
787000,123338,0.966,284452,0.1,66762.9
788000,120986,0.957,290288,0.1,66811.0
789000,124216,0.96,288616,0.1,66860.1
790000,122892,0.955,282700,0.1,66908.3
791000,123882,0.956,290400,0.1,66958.0
792000,124059,0.967,304952,0.1,67007.7
793000,121698,0.964,288572,0.1,67055.4
794000,124216,0.964,289972,0.1,67103.3
795000,120687,0.947,288040,0.1,67150.7
796000,124544,0.96,281476,0.1,67199.9
797000,123083,0.968,257556,0.1,67248.8
798000,123411,0.965,291936,0.1,67297.3
799000,118940,0.961,271712,0.1,67345.1
800000,122868,0.953,292776,0.1,67396.1
801000,123934,0.953,337240,0.1,67450.5
802000,124571,0.972,314260,0.1,67501.6
803000,120701,0.957,280596,0.1,67552.6
804000,123414,0.954,301928,0.1,67602.6
805000,122178,0.97,303972,0.1,67654.1
806000,124538,0.962,283652,0.1,67706.1
807000,124124,0.958,288340,0.1,67758.2
808000,122354,0.968,288028,0.1,67808.9
809000,122003,0.963,289136,0.1,67858.3
810000,124268,0.971,288796,0.1,67909.6
811000,128513,0.965,291532,0.1,67962.2
812000,123751,0.966,281304,0.1,68013.0
813000,123689,0.972,271108,0.1,68061.9
814000,123794,0.967,291776,0.1,68111.8
815000,125140,0.958,309084,0.1,68162.1
816000,122581,0.965,291448,0.1,68212.0
817000,123498,0.97,282068,0.1,68262.0
818000,121748,0.959,281460,0.1,68311.3
819000,125106,0.967,291304,0.1,68361.5
820000,123490,0.96,310368,0.1,68411.5
821000,125451,0.962,270536,0.1,68462.5
822000,124935,0.962,283408,0.1,68512.3
823000,123303,0.949,292836,0.1,68560.8
824000,124335,0.953,332192,0.1,68610.4
825000,124275,0.969,288648,0.1,68659.9
826000,121264,0.952,300680,0.1,68707.5
827000,123068,0.954,286936,0.1,68755.4
828000,124003,0.958,309828,0.1,68803.8
829000,124801,0.961,289032,0.1,68853.7
830000,123347,0.965,288772,0.1,68903.0
831000,125452,0.973,312412,0.1,68954.2
832000,124508,0.959,290304,0.1,69003.3
833000,123341,0.96,288552,0.1,69051.8
834000,124338,0.972,281144,0.1,69101.6
835000,125479,0.974,289716,0.1,69151.2
836000,125150,0.964,290468,0.1,69200.3
837000,121958,0.956,286324,0.1,69248.0
838000,123220,0.961,289992,0.1,69296.6
839000,124131,0.961,333908,0.1,69345.9
840000,121702,0.957,289796,0.1,69394.6
841000,124987,0.972,264276,0.1,69443.9
842000,126204,0.968,289576,0.1,69493.1
843000,122569,0.958,291844,0.1,69541.5
844000,123536,0.962,285796,0.1,69590.5
845000,126395,0.961,289728,0.1,69641.6
846000,124778,0.951,337760,0.1,69690.6
847000,124412,0.961,290300,0.1,69739.3
848000,125292,0.96,334036,0.1,69789.5
849000,126265,0.961,288668,0.1,69840.0
850000,126027,0.97,277004,0.1,69890.4
851000,124091,0.963,270204,0.1,69940.2
852000,125418,0.962,289564,0.1,69989.2
853000,124088,0.966,286356,0.1,70038.9
854000,125682,0.971,291516,0.1,70089.0
855000,124366,0.954,330700,0.1,70138.8
856000,125642,0.969,280572,0.1,70188.8
857000,122346,0.966,281016,0.1,70237.8
858000,128364,0.97,308196,0.1,70288.6
859000,123597,0.952,290744,0.1,70338.3
860000,124599,0.964,285832,0.1,70387.6
861000,125388,0.968,290648,0.1,70437.2
862000,126660,0.974,306488,0.1,70487.0
863000,123922,0.96,337848,0.1,70536.5
864000,125873,0.967,288668,0.1,70586.6
865000,123137,0.965,286556,0.1,70635.4
866000,122841,0.968,289548,0.1,70683.7
867000,122488,0.955,297724,0.1,70731.9
868000,123252,0.962,290172,0.1,70780.8
869000,127136,0.96,288748,0.1,70831.2
870000,123760,0.965,312408,0.1,70879.9
871000,128924,0.971,287948,0.1,70932.1
872000,125327,0.962,313612,0.1,70983.0
873000,126716,0.976,291704,0.1,71033.8
874000,124692,0.96,289624,0.1,71083.2
875000,122731,0.959,283640,0.1,71131.3
876000,126264,0.971,289832,0.1,71180.7
877000,124765,0.957,290028,0.1,71230.8
878000,126774,0.965,333240,0.1,71281.9
879000,124998,0.958,283184,0.1,71331.8
880000,125893,0.962,290228,0.1,71380.9
881000,125023,0.975,288184,0.1,71431.2
882000,123811,0.962,297596,0.1,71480.9
883000,121466,0.949,271004,0.1,71529.2
884000,124929,0.955,355540,0.1,71579.7
885000,124540,0.952,290492,0.1,71629.3
886000,130295,0.961,287944,0.1,71681.1
887000,127336,0.967,284772,0.1,71732.5
888000,126622,0.959,283148,0.1,71782.9
889000,123994,0.964,339208,0.1,71833.0
890000,125198,0.968,299916,0.1,71882.5
891000,125518,0.956,289456,0.1,71932.6
892000,123713,0.957,323840,0.1,71982.1
893000,126106,0.957,286640,0.1,72032.3
894000,124258,0.962,286224,0.1,72081.3
895000,125846,0.968,308964,0.1,72130.8
896000,125907,0.96,288424,0.1,72180.4
897000,125133,0.959,286288,0.1,72230.3
898000,125800,0.956,300884,0.1,72280.5
899000,125855,0.959,313788,0.1,72329.7
900000,125346,0.966,292348,0.1,72378.4
901000,126990,0.964,289888,0.1,72429.2
902000,125502,0.962,289604,0.1,72479.6
903000,127884,0.959,289224,0.1,72530.6
904000,126273,0.954,291816,0.1,72580.0
905000,123954,0.957,309792,0.1,72629.9
906000,125144,0.955,288144,0.1,72680.0
907000,128130,0.969,289992,0.1,72731.0
908000,124977,0.964,338176,0.1,72780.7
909000,125000,0.96,290868,0.1,72829.0
910000,127576,0.958,290432,0.1,72879.7
911000,126254,0.963,334076,0.1,72931.2
912000,125389,0.973,290316,0.1,72981.7
913000,126017,0.96,291120,0.1,73032.2
914000,125837,0.959,314860,0.1,73081.7
915000,124130,0.951,290376,0.1,73130.3
916000,123976,0.958,322528,0.1,73179.4
917000,124507,0.968,288944,0.1,73229.0
918000,127533,0.971,310352,0.1,73278.8
919000,126805,0.972,301224,0.1,73329.1
920000,128053,0.968,292760,0.1,73380.1
921000,126735,0.961,290060,0.1,73431.3
922000,122285,0.95,333364,0.1,73480.6
923000,123955,0.962,286432,0.1,73529.4
924000,125913,0.96,341128,0.1,73579.0
925000,125837,0.968,345984,0.1,73629.2
926000,127550,0.967,301352,0.1,73680.7
927000,128797,0.961,289108,0.1,73731.9
928000,125347,0.966,286428,0.1,73781.1
929000,124127,0.961,288928,0.1,73830.1
930000,125867,0.968,289428,0.1,73880.5
931000,124645,0.962,269772,0.1,73931.2
932000,126095,0.962,311892,0.1,73981.6
933000,126487,0.972,266720,0.1,74032.1
934000,124313,0.954,265756,0.1,74081.2
935000,126793,0.963,246160,0.1,74132.0
936000,124489,0.971,291284,0.1,74181.8
937000,125691,0.953,286508,0.1,74231.6
938000,126381,0.965,314652,0.1,74281.3
939000,124118,0.959,286116,0.1,74329.7
940000,122984,0.956,311660,0.1,74379.2
941000,126191,0.959,316268,0.1,74430.3
942000,126617,0.964,312708,0.1,74480.2
943000,125769,0.954,288448,0.1,74529.2
944000,127754,0.964,284740,0.1,74580.0
945000,126982,0.963,291876,0.1,74630.9
946000,125671,0.958,289636,0.1,74681.2
947000,125863,0.956,314044,0.1,74731.1
948000,124173,0.966,304456,0.1,74780.5
949000,125825,0.965,306608,0.1,74831.0
950000,125422,0.959,340372,0.1,74881.1
951000,127838,0.965,291312,0.1,74932.8
952000,127017,0.967,290280,0.1,74982.3
953000,127780,0.965,290332,0.1,75033.2
954000,126856,0.966,289644,0.1,75083.9
955000,127022,0.966,305512,0.1,75134.7
956000,126642,0.969,286500,0.1,75186.2
957000,126218,0.965,290060,0.1,75236.4
958000,129270,0.951,289528,0.1,75288.9
959000,123270,0.947,284200,0.1,75338.5
960000,126980,0.965,286352,0.1,75389.7
961000,127217,0.955,287540,0.1,75441.4
962000,126911,0.97,292220,0.1,75491.7
963000,127941,0.958,310324,0.1,75542.7
964000,127741,0.957,314280,0.1,75594.1
965000,127003,0.959,290296,0.1,75645.5
966000,125637,0.963,287928,0.1,75695.1
967000,127947,0.966,308180,0.1,75745.0
968000,123127,0.961,307984,0.1,75794.4
969000,121488,0.957,289604,0.1,75843.6
970000,125643,0.957,290536,0.1,75893.9
971000,128286,0.963,342576,0.1,75945.0
972000,127250,0.975,307328,0.1,75995.9
973000,126315,0.959,287764,0.1,76046.4
974000,127751,0.971,278316,0.1,76097.8
975000,124771,0.965,269784,0.1,76147.9
976000,125668,0.969,289692,0.1,76197.7
977000,124636,0.965,290484,0.1,76246.6
978000,124902,0.967,318428,0.1,76296.7
979000,128383,0.972,314344,0.1,76348.3
980000,128717,0.978,286012,0.1,76399.9
981000,129728,0.962,295100,0.1,76451.7
982000,124782,0.963,274184,0.1,76502.4
983000,124760,0.961,286780,0.1,76552.5
984000,127512,0.97,314792,0.1,76604.1
985000,125808,0.953,287900,0.1,76654.2
986000,128167,0.977,285796,0.1,76705.3
987000,125835,0.965,282012,0.1,76755.6
988000,126765,0.971,276140,0.1,76805.7
989000,127737,0.972,292148,0.1,76857.7
990000,125271,0.961,290204,0.1,76907.7
991000,126421,0.963,295184,0.1,76958.8
992000,125577,0.959,286720,0.1,77008.6
993000,127133,0.971,290640,0.1,77059.6
994000,127422,0.973,285732,0.1,77111.1
995000,127047,0.963,290132,0.1,77161.5
996000,125622,0.966,291916,0.1,77212.3
997000,128917,0.974,290480,0.1,77264.4
998000,127895,0.958,289592,0.1,77315.4
999000,129035,0.977,286564,0.1,77366.4
1000000,128360,0.963,288604,0.1,77415.4
