games,seconds,sec_per_1000
1000,5.8,5.8
2000,13.5,7.7
3000,22.1,8.6
4000,31.0,8.9
5000,40.9,9.9
6000,51.1,10.2
7000,71.3,20.2
8000,116.9,45.6
9000,157.1,40.2
10000,201.8,44.7
11000,255.2,53.4
12000,289.9,34.7
13000,304.0,14.1
14000,318.1,14.1
15000,332.8,14.7
16000,381.2,48.4
17000,445.7,64.5
18000,511.4,65.7
19000,575.2,63.8
20000,639.0,63.8
21000,711.3,72.3
22000,780.4,69.1
23000,850.7,70.3
24000,928.4,77.7
25000,997.9,69.5
26000,1081.4,83.5
27000,1160.8,79.4
28000,1242.4,81.6
29000,1315.0,72.6
30000,1392.3,77.3
31000,1473.5,81.2
32000,1557.7,84.2
33000,1647.3,89.6
34000,1733.6,86.3
35000,1820.2,86.6
36000,1913.1,92.9
37000,2007.9,94.8
38000,2101.2,93.3
39000,2199.6,98.4
40000,2295.4,95.8
41000,2393.6,98.2
42000,2491.1,97.5
43000,2588.3,97.2
44000,2684.8,96.5
45000,2779.0,94.2
46000,2877.9,98.9
47000,2975.7,97.8
48000,3073.6,97.9
49000,3171.4,97.8
50000,3274.8,103.4
51000,3376.2,101.4
52000,3481.1,104.9
53000,3591.0,109.9
54000,3703.5,112.5
55000,3826.1,122.6
56000,3928.3,102.2
57000,4034.4,106.1
58000,4143.2,108.8
59000,4252.0,108.8
60000,4346.2,94.2
61000,4459.3,113.1
62000,4568.8,109.5
63000,4676.1,107.3
64000,4786.2,110.1
65000,4896.7,110.5
66000,5007.9,111.2
67000,5103.8,95.9
68000,5207.6,103.8
69000,5320.4,112.8
70000,5433.1,112.7
71000,5548.2,115.1
72000,5661.9,113.7
73000,5772.9,111.0
74000,6449.4,676.5
75000,6481.0,31.6
76000,6507.7,26.7
77000,6533.5,25.8
78000,6611.4,77.9
79000,15620.2,9008.8
80000,15663.6,43.4
81000,15698.9,35.3
82000,15945.5,246.6
83000,15998.4,52.9
84000,16084.9,86.5
85000,16149.7,64.8
86000,16177.7,28.0
87000,16206.2,28.5
88000,16239.4,33.2
89000,16318.3,78.9
90000,16420.5,102.2
91000,16503.1,82.6
92000,16599.7,96.6
93000,16689.6,89.9
94000,16735.3,45.7
95000,16764.4,29.1
96000,16795.0,30.6
97000,16825.3,30.3
98000,16856.9,31.6
99000,16891.0,34.1
100000,16924.6,33.6
101000,16959.4,34.8
102000,16994.3,34.9
103000,17029.2,34.9
104000,17071.8,42.6
105000,17173.8,102.0
106000,17274.1,100.3
107000,17377.9,103.8
108000,17477.0,99.1
109000,17579.6,102.6
110000,17679.3,99.7
111000,31057.2,13377.9
112000,31104.8,47.6
113000,31212.7,107.9
114000,31305.9,93.2
115000,31470.6,164.7
116000,31614.9,144.3
117000,31763.0,148.1
118000,31909.2,146.2
119000,32055.0,145.8
120000,32202.9,147.9
121000,32349.3,146.4
122000,32495.5,146.2
123000,32654.4,158.9
124000,32805.3,150.9
125000,32954.4,149.1
126000,33016.9,62.5
127000,33062.9,46.0
128000,33110.5,47.6
129000,33156.8,46.3
130000,33203.5,46.7
131000,33248.4,44.9
132000,33295.9,47.5
133000,33341.1,45.2
134000,33399.1,58.0
135000,33450.7,51.6
136000,33499.3,48.6
137000,33548.7,49.4
138000,33595.3,46.6
139000,33641.4,46.1
140000,33694.8,53.4
141000,33749.8,55.0
142000,33803.5,53.7
143000,33864.8,61.3
144000,33915.1,50.3
145000,33965.4,50.3
146000,34020.3,54.9
147000,34081.7,61.4
148000,34146.2,64.5
149000,34208.0,61.8
150000,34265.9,57.9
151000,34315.0,49.1
152000,34365.4,50.4
153000,34412.4,47.0
154000,34462.0,49.6
155000,34512.8,50.8
156000,34560.2,47.4
157000,34611.3,51.1
158000,34659.7,48.4
159000,34709.5,49.8
160000,34763.5,54.0
161000,34813.7,50.2
162000,34865.8,52.1
163000,34917.8,52.0
164000,34963.7,45.9
165000,35023.4,59.7
166000,35083.3,59.9
167000,35138.9,55.6
168000,35192.7,53.8
169000,35245.4,52.7
170000,35296.3,50.9
171000,35351.3,55.0
172000,35404.6,53.3
173000,35457.9,53.3
174000,35510.4,52.5
175000,35562.0,51.6
176000,35616.2,54.2
177000,35665.8,49.6
178000,35715.9,50.1
179000,35767.2,51.3
180000,35819.7,52.5
181000,35871.6,51.9
182000,35922.3,50.7
183000,35973.8,51.5
184000,36026.4,52.6
185000,36080.5,54.1
186000,36141.2,60.7
187000,36195.1,53.9
188000,36247.4,52.3
189000,36299.5,52.1
190000,36351.3,51.8
191000,36401.9,50.6
192000,36451.8,49.9
193000,36502.3,50.5
194000,36554.3,52.0
195000,36606.6,52.3
196000,36659.5,52.9
197000,36714.8,55.3
198000,36767.9,53.1
199000,36821.6,53.7
200000,36868.4,46.8
201000,36915.7,47.3
202000,36961.0,45.3
203000,37013.3,52.3
204000,37074.4,61.1
205000,37144.1,69.7
206000,37213.7,69.6
207000,37283.8,70.1
208000,37352.8,69.0
209000,37418.8,66.0
210000,37484.7,65.9
211000,37556.4,71.7
212000,37631.1,74.7
213000,37707.8,76.7
214000,37783.7,75.9
215000,37857.1,73.4
216000,37924.8,67.7
217000,37994.6,69.8
218000,38062.2,67.6
219000,38124.8,62.6
220000,38189.8,65.0
221000,38258.6,68.8
222000,38328.1,69.5
223000,38397.0,68.9
224000,38465.8,68.8
225000,38533.7,67.9
226000,38602.4,68.7
227000,38673.1,70.7
228000,38743.1,70.0
229000,38816.6,73.5
230000,38886.6,70.0
231000,38957.2,70.6
232000,39028.7,71.5
233000,39100.3,71.6
234000,39171.9,71.6
235000,39244.6,72.7
236000,39316.4,71.8
237000,39390.7,74.3
238000,39461.7,71.0
239000,39533.2,71.5
240000,39601.5,68.3
241000,39657.9,56.4
242000,39714.8,56.9
243000,39769.5,54.7
244000,39822.1,52.6
245000,39877.5,55.4
246000,39934.6,57.1
247000,39991.3,56.7
248000,40045.9,54.6
249000,40098.0,52.1
250000,40152.9,54.9
251000,40209.1,56.2
252000,40264.2,55.1
253000,40317.8,53.6
254000,40373.3,55.5
255000,40429.3,56.0
256000,40484.8,55.5
257000,40539.8,55.0
258000,40597.8,58.0
259000,40656.3,58.5
260000,40713.2,56.9
261000,40767.4,54.2
262000,40823.5,56.1
263000,40880.0,56.5
264000,40938.3,58.3
265000,40995.6,57.3
266000,41052.2,56.6
267000,41109.7,57.5
268000,41167.2,57.5
269000,41223.5,56.3
270000,41279.9,56.4
271000,41338.1,58.2
272000,41394.2,56.1
273000,41452.1,57.9
274000,41508.8,56.7
275000,41564.8,56.0
276000,41623.1,58.3
277000,41681.1,58.0
278000,41735.3,54.2
279000,41790.1,54.8
280000,41849.0,58.9
281000,41906.4,57.4
282000,41961.6,55.2
283000,42016.7,55.1
284000,42073.4,56.7
285000,42131.5,58.1
286000,42187.6,56.1
287000,42245.5,57.9
288000,42303.0,57.5
289000,42362.1,59.1
290000,42419.9,57.8
291000,42474.7,54.8
292000,42530.4,55.7
293000,42588.9,58.5
294000,42648.2,59.3
295000,42703.4,55.2
296000,42760.0,56.6
297000,42817.8,57.8
298000,42876.1,58.3
299000,42931.7,55.6
300000,42986.5,54.8
301000,43043.8,57.3
302000,43102.6,58.8
303000,43159.1,56.5
304000,43215.0,55.9
305000,43272.3,57.3
306000,43331.7,59.4
307000,43388.4,56.7
308000,43445.7,57.3
309000,43504.4,58.7
310000,43562.6,58.2
311000,43619.5,56.9
312000,43676.8,57.3
313000,43735.7,58.9
314000,43794.8,59.1
315000,43853.1,58.3
316000,43908.5,55.4
317000,43966.9,58.4
318000,44027.7,60.8
319000,44085.3,57.6
320000,44141.4,56.1
321000,44199.3,57.9
322000,44264.0,64.7
323000,44321.7,57.7
324000,44372.2,50.5
325000,44431.2,59.0
326000,44490.4,59.2
327000,44551.8,61.4
328000,44610.0,58.2
329000,44653.2,43.2
330000,44709.4,56.2
331000,44755.0,45.6
332000,44800.5,45.5
333000,44858.0,57.5
334000,44913.7,55.7
335000,44971.3,57.6
336000,45029.1,57.8
337000,45083.4,54.3
338000,45140.7,57.3
339000,45197.5,56.8
340000,45253.3,55.8
341000,45309.3,56.0
342000,45363.8,54.5
343000,45420.6,56.8
344000,45478.0,57.4
345000,45533.5,55.5
346000,45589.3,55.8
347000,45646.5,57.2
348000,45703.2,56.7
349000,45758.7,55.5
350000,45813.8,55.1
351000,45870.4,56.6
352000,45925.6,55.2
353000,45983.3,57.7
354000,46040.4,57.1
355000,46097.6,57.2
356000,46154.1,56.5
357000,46212.7,58.6
358000,46269.3,56.6
359000,46327.7,58.4
360000,46384.4,56.7
361000,46443.9,59.5
362000,46502.5,58.6
363000,46557.1,54.6
364000,46619.5,62.4
365000,46678.5,59.0
366000,46737.8,59.3
367000,46796.8,59.0
368000,46846.1,49.3
369000,46909.7,63.6
370000,46964.8,55.1
371000,47025.1,60.3
372000,47089.2,64.1
373000,47147.9,58.7
374000,47212.0,64.1
375000,47272.7,60.7
376000,47330.6,57.9
377000,47390.4,59.8
378000,47452.4,62.0
379000,47511.8,59.4
380000,47574.5,62.7
381000,47637.4,62.9
382000,47699.7,62.3
383000,47761.7,62.0
384000,47824.9,63.2
385000,47888.3,63.4
386000,47950.7,62.4
387000,48011.5,60.8
388000,48075.4,63.9
389000,48138.2,62.8
390000,48200.1,61.9
391000,48259.9,59.8
392000,48318.2,58.3
393000,48377.5,59.3
394000,48434.8,57.3
395000,48495.4,60.6
396000,48561.5,66.1
397000,48627.1,65.6
398000,48694.6,67.5
399000,48760.7,66.1
400000,48807.5,46.8
401000,48851.9,44.4
402000,48896.1,44.2
403000,48941.4,45.3
404000,48984.7,43.3
405000,49030.4,45.7
406000,49076.5,46.1
407000,49123.0,46.5
408000,49167.5,44.5
409000,49210.5,43.0
410000,49253.6,43.1
411000,49296.9,43.3
412000,49340.2,43.3
413000,49383.9,43.7
414000,49427.2,43.3
415000,49471.1,43.9
416000,49515.2,44.1
417000,49558.3,43.1
418000,49603.5,45.2
419000,49648.0,44.5
420000,49692.3,44.3
421000,49736.6,44.3
422000,49779.6,43.0
423000,49823.4,43.8
424000,49866.4,43.0
425000,49909.6,43.2
426000,49953.1,43.5
427000,49995.8,42.7
428000,50038.9,43.1
429000,50083.1,44.2
430000,50126.8,43.7
431000,50171.2,44.4
432000,50214.5,43.3
433000,50257.9,43.4
434000,50300.8,42.9
435000,50344.7,43.9
436000,50389.3,44.6
437000,50433.1,43.8
438000,50477.7,44.6
439000,50521.3,43.6
440000,50564.5,43.2
441000,50608.7,44.2
442000,50652.6,43.9
443000,50696.6,44.0
444000,50741.3,44.7
445000,50785.6,44.3
446000,50830.2,44.6
447000,50874.4,44.2
448000,50919.2,44.8
449000,50963.7,44.5
450000,51007.1,43.4
451000,51051.5,44.4
452000,51095.7,44.2
453000,51140.1,44.4
454000,51184.1,44.0
455000,51228.4,44.3
456000,51272.2,43.8
457000,51316.4,44.2
458000,51359.1,42.7
459000,51403.6,44.5
460000,51447.5,43.9
461000,51490.5,43.0
462000,51534.9,44.4
463000,51579.0,44.1
464000,51623.5,44.5
465000,51667.6,44.1
466000,51711.8,44.2
467000,51756.7,44.9
468000,51801.0,44.3
469000,51845.5,44.5
470000,51891.0,45.5
471000,51935.1,44.1
472000,51979.4,44.3
473000,52024.5,45.1
474000,52068.8,44.3
475000,52114.2,45.4
476000,52159.9,45.7
477000,52204.0,44.1
478000,52249.1,45.1
479000,52294.6,45.5
480000,52338.8,44.2
481000,52385.6,46.8
482000,52430.2,44.6
483000,52474.6,44.4
484000,52520.2,45.6
485000,52564.1,43.9
486000,52608.7,44.6
487000,52653.3,44.6
488000,52698.8,45.5
489000,52744.9,46.1
490000,52789.1,44.2
491000,52835.5,46.4
492000,52880.6,45.1
493000,52924.7,44.1
494000,52968.9,44.2
495000,53014.7,45.8
496000,53059.6,44.9
497000,53104.1,44.5
498000,53148.9,44.8
499000,53192.7,43.8
500000,53238.2,45.5
501000,53283.6,45.4
502000,53329.4,45.8
503000,53374.0,44.6
504000,53418.5,44.5
505000,53463.6,45.1
506000,53507.7,44.1
507000,53552.0,44.3
508000,53597.2,45.2
509000,53643.8,46.6
510000,53690.2,46.4
511000,53735.9,45.7
512000,53781.3,45.4
513000,53827.6,46.3
514000,53871.3,43.7
515000,53915.5,44.2
516000,53961.9,46.4
517000,54007.7,45.8
518000,54053.2,45.5
519000,54099.1,45.9
520000,54144.0,44.9
521000,54190.5,46.5
522000,54236.3,45.8
523000,54283.0,46.7
524000,54329.4,46.4
525000,54376.1,46.7
526000,54422.2,46.1
527000,54468.4,46.2
528000,54513.8,45.4
529000,54559.3,45.5
530000,54603.6,44.3
531000,54650.9,47.3
532000,54697.1,46.2
533000,54742.3,45.2
534000,54786.6,44.3
535000,54831.5,44.9
536000,54877.0,45.5
537000,54923.9,46.9
538000,54969.7,45.8
539000,55015.5,45.8
540000,55060.0,44.5
541000,55105.4,45.4
542000,55151.1,45.7
543000,55198.1,47.0
544000,55243.8,45.7
545000,55289.3,45.5
546000,55334.8,45.5
547000,55381.2,46.4
548000,55426.1,44.9
549000,55472.3,46.2
550000,55517.7,45.4
551000,55564.3,46.6
552000,55609.0,44.7
553000,55654.3,45.3
554000,55700.4,46.1
555000,55744.6,44.2
556000,55789.9,45.3
557000,55836.9,47.0
558000,55882.7,45.8
559000,55927.2,44.5
560000,55973.2,46.0
561000,56018.9,45.7
562000,56065.8,46.9
563000,56113.4,47.6
564000,56160.9,47.5
565000,56208.3,47.4
566000,56256.3,48.0
567000,56302.4,46.1
568000,56348.5,46.1
569000,56394.9,46.4
570000,56442.9,48.0
571000,56490.0,47.1
572000,56537.2,47.2
573000,56582.4,45.2
574000,56629.5,47.1
575000,56676.0,46.5
576000,56723.0,47.0
577000,56770.0,47.0
578000,56816.6,46.6
579000,56863.6,47.0
580000,56910.1,46.5
581000,56956.7,46.6
582000,57002.4,45.7
583000,57049.2,46.8
584000,57096.0,46.8
585000,57143.1,47.1
586000,57188.6,45.5
587000,57235.5,46.9
588000,57282.7,47.2
589000,57329.8,47.1
590000,57376.0,46.2
591000,57422.5,46.5
592000,57468.5,46.0
593000,57514.7,46.2
594000,57561.5,46.8
595000,57607.8,46.3
596000,57654.8,47.0
597000,57700.3,45.5
598000,57747.1,46.8
599000,57793.9,46.8
600000,57841.3,47.4
601000,57889.2,47.9
602000,57935.5,46.3
603000,57982.6,47.1
604000,58030.3,47.7
605000,58076.7,46.4
606000,58123.7,47.0
607000,58169.9,46.2
608000,58216.9,47.0
609000,58263.1,46.2
610000,58310.5,47.4
611000,58357.8,47.3
612000,58402.7,44.9
613000,58449.4,46.7
614000,58496.1,46.7
615000,58542.1,46.0
616000,58589.6,47.5
617000,58636.4,46.8
618000,58684.1,47.7
619000,58730.2,46.1
620000,58778.0,47.8
621000,58826.0,48.0
622000,58872.3,46.3
623000,58918.8,46.5
624000,58966.3,47.5
625000,59013.1,46.8
626000,59061.3,48.2
627000,59108.5,47.2
628000,59155.6,47.1
629000,59201.9,46.3
630000,59250.0,48.1
631000,59298.9,48.9
632000,59345.4,46.5
633000,59392.8,47.4
634000,59439.8,47.0
635000,59487.6,47.8
636000,59534.3,46.7
637000,59582.2,47.9
638000,59628.6,46.4
639000,59675.3,46.7
640000,59722.5,47.2
641000,59770.5,48.0
642000,59817.4,46.9
643000,59864.3,46.9
644000,59911.7,47.4
645000,59959.0,47.3
646000,60006.0,47.0
647000,60053.8,47.8
648000,60101.3,47.5
649000,60149.3,48.0
650000,60197.2,47.9
651000,60244.6,47.4
652000,60292.0,47.4
653000,60339.2,47.2
654000,60385.1,45.9
655000,60432.5,47.4
656000,60479.5,47.0
657000,60527.4,47.9
658000,60573.5,46.1
659000,60621.8,48.3
660000,60669.4,47.6
661000,60717.8,48.4
662000,60765.3,47.5
663000,60813.0,47.7
664000,60860.4,47.4
665000,60908.0,47.6
666000,60955.6,47.6
667000,61003.6,48.0
668000,61050.1,46.5
669000,61097.7,47.6
670000,61146.0,48.3
671000,61194.6,48.6
672000,61243.5,48.9
673000,61291.6,48.1
674000,61339.0,47.4
675000,61386.9,47.9
676000,61434.6,47.7
677000,61481.9,47.3
678000,61529.0,47.1
679000,61576.7,47.7
680000,61625.3,48.6
681000,61673.3,48.0
682000,61722.2,48.9
683000,61768.4,46.2
684000,61814.9,46.5
685000,61862.4,47.5
686000,61908.6,46.2
687000,61957.6,49.0
688000,62005.2,47.6
689000,62052.7,47.5
690000,62100.0,47.3
691000,62148.0,48.0
692000,62196.0,48.0
693000,62242.7,46.7
694000,62289.3,46.6
695000,62337.0,47.7
696000,62384.3,47.3
697000,62432.9,48.6
698000,62480.2,47.3
699000,62527.5,47.3
700000,62575.7,48.2
701000,62623.9,48.2
702000,62671.6,47.7
703000,62719.2,47.6
704000,62766.2,47.0
705000,62814.0,47.8
706000,62863.3,49.3
707000,62911.6,48.3
708000,62959.2,47.6
709000,63007.2,48.0
710000,63055.7,48.5
711000,63104.8,49.1
712000,63153.4,48.6
713000,63202.4,49.0
714000,63248.5,46.1
715000,63295.5,47.0
716000,63343.1,47.6
717000,63390.6,47.5
718000,63438.1,47.5
719000,63484.5,46.4
720000,63531.3,46.8
721000,63579.2,47.9
722000,63627.4,48.2
723000,63675.2,47.8
724000,63722.9,47.7
725000,63770.3,47.4
726000,63818.6,48.3
727000,63866.0,47.4
728000,63914.4,48.4
729000,63962.0,47.6
730000,64009.5,47.5
731000,64058.3,48.8
732000,64105.6,47.3
733000,64152.7,47.1
734000,64199.7,47.0
735000,64247.4,47.7
736000,64294.2,46.8
737000,64341.9,47.7
738000,64390.6,48.7
739000,64437.8,47.2
740000,64485.1,47.3
741000,64532.5,47.4
742000,64581.0,48.5
743000,64630.1,49.1
744000,64677.5,47.4
745000,64725.0,47.5
746000,64772.6,47.6
747000,64820.8,48.2
748000,64869.1,48.3
749000,64916.8,47.7
750000,64966.3,49.5
751000,65016.2,49.9
752000,65065.9,49.7
753000,65113.2,47.3
754000,65161.0,47.8
755000,65209.5,48.5
756000,65257.5,48.0
757000,65305.7,48.2
758000,65353.4,47.7
759000,65401.7,48.3
760000,65449.5,47.8
761000,65498.5,49.0
762000,65546.7,48.2
763000,65595.0,48.3
764000,65642.5,47.5
765000,65690.5,48.0
766000,65739.7,49.2
767000,65788.8,49.1
768000,65837.2,48.4
769000,65884.5,47.3
770000,65933.4,48.9
771000,65982.6,49.2
772000,66032.0,49.4
773000,66080.4,48.4
774000,66128.1,47.7
775000,66176.6,48.5
776000,66226.1,49.5
777000,66274.4,48.3
778000,66323.1,48.7
779000,66370.9,47.8
780000,66418.9,48.0
781000,66467.0,48.1
782000,66515.8,48.8
783000,66564.1,48.3
784000,66613.5,49.4
785000,66663.6,50.1
786000,66712.9,49.3
787000,66762.9,50.0
788000,66811.0,48.1
789000,66860.1,49.1
790000,66908.3,48.2
791000,66958.0,49.7
792000,67007.7,49.7
793000,67055.4,47.7
794000,67103.3,47.9
795000,67150.7,47.4
796000,67199.9,49.2
797000,67248.8,48.9
798000,67297.3,48.5
799000,67345.1,47.8
800000,67396.1,51.0
801000,67450.5,54.4
802000,67501.6,51.1
803000,67552.6,51.0
804000,67602.6,50.0
805000,67654.1,51.5
806000,67706.1,52.0
807000,67758.2,52.1
808000,67808.9,50.7
809000,67858.3,49.4
810000,67909.6,51.3
811000,67962.2,52.6
812000,68013.0,50.8
813000,68061.9,48.9
814000,68111.8,49.9
815000,68162.1,50.3
816000,68212.0,49.9
817000,68262.0,50.0
818000,68311.3,49.3
819000,68361.5,50.2
820000,68411.5,50.0
821000,68462.5,51.0
822000,68512.3,49.8
823000,68560.8,48.5
824000,68610.4,49.6
825000,68659.9,49.5
826000,68707.5,47.6
827000,68755.4,47.9
828000,68803.8,48.4
829000,68853.7,49.9
830000,68903.0,49.3
831000,68954.2,51.2
832000,69003.3,49.1
833000,69051.8,48.5
834000,69101.6,49.8
835000,69151.2,49.6
836000,69200.3,49.1
837000,69248.0,47.7
838000,69296.6,48.6
839000,69345.9,49.3
840000,69394.6,48.7
841000,69443.9,49.3
842000,69493.1,49.2
843000,69541.5,48.4
844000,69590.5,49.0
845000,69641.6,51.1
846000,69690.6,49.0
847000,69739.3,48.7
848000,69789.5,50.2
849000,69840.0,50.5
850000,69890.4,50.4
851000,69940.2,49.8
852000,69989.2,49.0
853000,70038.9,49.7
854000,70089.0,50.1
855000,70138.8,49.8
856000,70188.8,50.0
857000,70237.8,49.0
858000,70288.6,50.8
859000,70338.3,49.7
860000,70387.6,49.3
861000,70437.2,49.6
862000,70487.0,49.8
863000,70536.5,49.5
864000,70586.6,50.1
865000,70635.4,48.8
866000,70683.7,48.3
867000,70731.9,48.2
868000,70780.8,48.9
869000,70831.2,50.4
870000,70879.9,48.7
871000,70932.1,52.2
872000,70983.0,50.9
873000,71033.8,50.8
874000,71083.2,49.4
875000,71131.3,48.1
876000,71180.7,49.4
877000,71230.8,50.1
878000,71281.9,51.1
879000,71331.8,49.9
880000,71380.9,49.1
881000,71431.2,50.3
882000,71480.9,49.7
883000,71529.2,48.3
884000,71579.7,50.5
885000,71629.3,49.6
886000,71681.1,51.8
887000,71732.5,51.4
888000,71782.9,50.4
889000,71833.0,50.1
890000,71882.5,49.5
891000,71932.6,50.1
892000,71982.1,49.5
893000,72032.3,50.2
894000,72081.3,49.0
895000,72130.8,49.5
896000,72180.4,49.6
897000,72230.3,49.9
898000,72280.5,50.2
899000,72329.7,49.2
900000,72378.4,48.7
901000,72429.2,50.8
902000,72479.6,50.4
903000,72530.6,51.0
904000,72580.0,49.4
905000,72629.9,49.9
906000,72680.0,50.1
907000,72731.0,51.0
908000,72780.7,49.7
909000,72829.0,48.3
910000,72879.7,50.7
911000,72931.2,51.5
912000,72981.7,50.5
913000,73032.2,50.5
914000,73081.7,49.5
915000,73130.3,48.6
916000,73179.4,49.1
917000,73229.0,49.6
918000,73278.8,49.8
919000,73329.1,50.3
920000,73380.1,51.0
921000,73431.3,51.2
922000,73480.6,49.3
923000,73529.4,48.8
924000,73579.0,49.6
925000,73629.2,50.2
926000,73680.7,51.5
927000,73731.9,51.2
928000,73781.1,49.2
929000,73830.1,49.0
930000,73880.5,50.4
931000,73931.2,50.7
932000,73981.6,50.4
933000,74032.1,50.5
934000,74081.2,49.1
935000,74132.0,50.8
936000,74181.8,49.8
937000,74231.6,49.8
938000,74281.3,49.7
939000,74329.7,48.4
940000,74379.2,49.5
941000,74430.3,51.1
942000,74480.2,49.9
943000,74529.2,49.0
944000,74580.0,50.8
945000,74630.9,50.9
946000,74681.2,50.3
947000,74731.1,49.9
948000,74780.5,49.4
949000,74831.0,50.5
950000,74881.1,50.1
951000,74932.8,51.7
952000,74982.3,49.5
953000,75033.2,50.9
954000,75083.9,50.7
955000,75134.7,50.8
956000,75186.2,51.5
957000,75236.4,50.2
958000,75288.9,52.5
959000,75338.5,49.6
960000,75389.7,51.2
961000,75441.4,51.7
962000,75491.7,50.3
963000,75542.7,51.0
964000,75594.1,51.4
965000,75645.5,51.4
966000,75695.1,49.6
967000,75745.0,49.9
968000,75794.4,49.4
969000,75843.6,49.2
970000,75893.9,50.3
971000,75945.0,51.1
972000,75995.9,50.9
973000,76046.4,50.5
974000,76097.8,51.4
975000,76147.9,50.1
976000,76197.7,49.8
977000,76246.6,48.9
978000,76296.7,50.1
979000,76348.3,51.6
980000,76399.9,51.6
981000,76451.7,51.8
982000,76502.4,50.7
983000,76552.5,50.1
984000,76604.1,51.6
985000,76654.2,50.1
986000,76705.3,51.1
987000,76755.6,50.3
988000,76805.7,50.1
989000,76857.7,52.0
990000,76907.7,50.0
991000,76958.8,51.1
992000,77008.6,49.8
993000,77059.6,51.0
994000,77111.1,51.5
995000,77161.5,50.4
996000,77212.3,50.8
997000,77264.4,52.1
998000,77315.4,51.0
999000,77366.4,51.0
1000000,77415.4,49.0
